date,rolling_drawdown
2020-01-04,0.0
2020-01-11,0.0
2020-01-17,0.0
2020-01-24,0.0
2020-01-30,0.0
2020-02-06,0.0
2020-02-13,0.0
2020-02-19,0.0
2020-02-26,0.0
2020-03-03,0.0
2020-03-10,0.0
2020-03-16,0.0
2020-03-23,0.0
2020-03-29,0.0
2020-04-05,0.0
2020-04-11,0.0
2020-04-18,0.0
2020-04-25,0.0
2020-05-01,0.0
2020-05-08,0.0
2020-05-14,0.0
2020-05-21,0.0
2020-05-27,0.0
2020-06-03,0.0
2020-06-09,0.0
2020-06-16,0.0
2020-06-22,0.0
2020-06-29,0.0
2020-07-05,0.0
2020-07-12,0.0
2020-07-19,0.0
2020-07-25,0.0
2020-08-01,0.0
2020-08-07,0.0
2020-08-14,0.0
2020-08-20,0.0
2020-08-27,0.0
2020-09-02,0.0
2020-09-09,0.0
2020-09-15,0.0
2020-09-22,0.0
2020-09-29,0.0
2020-10-05,0.0
2020-10-12,0.0
2020-10-18,0.0
2020-10-25,0.0
2020-10-31,0.0
2020-11-07,0.0
